Spanish,Portuguese,English
lunes (< Lat. diēs lūnae Moons day),Segunda-feira (fēria secuda Second weekday),Monday
martes (< Lat. diēs martis Mars day),Terça-feira (fēria tertia Third weekday),Tuesday
miércoles (< Lat. diēs mercuriī Mercurys day),Quarta-feira (fēria quarta Fourth weekday),Wednesday
jueves (< Lat. diēs iovis Jupiters day),Quinta-feira (fēria quinta Fifth weekday),Thursday
" viernes (< Lat. diēs veneris, Venus day)",Sexta-feira (fēria sexta Sixth weekday),Friday
",Saturday
",Sunday
